draw_number,draw_date,numbers
4051,2015/01/05,0782
4052,2015/01/06,4931
4053,2015/01/07,3058
4054,2015/01/08,9946
4055,2015/01/09,4337
4056,2015/01/12,2069
4057,2015/01/13,5113
4058,2015/01/14,1284
4059,2015/01/15,5810
4060,2015/01/16,2142
4061,2015/01/19,1918
4062,2015/01/20,1841
4063,2015/01/21,0909
4064,2015/01/22,7802
4065,2015/01/23,3496
4066,2015/01/26,9353
4067,2015/01/27,7176
4068,2015/01/28,3404
4069,2015/01/29,2807
4070,2015/01/30,1666
4071,2015/02/02,7941
4072,2015/02/03,9935
4073,2015/02/04,7281
4074,2015/02/05,7028
4075,2015/02/06,4228
4076,2015/02/09,1470
4077,2015/02/10,8312
4078,2015/02/11,2805
4079,2015/02/12,6736
4080,2015/02/13,5142
4081,2015/02/16,5096
4082,2015/02/17,9048
4083,2015/02/18,7739
4084,2015/02/19,7112
4085,2015/02/20,2827
4086,2015/02/23,2457
4087,2015/02/24,6405
4088,2015/02/25,5180
4089,2015/02/26,3516
4090,2015/02/27,9524
4091,2015/03/02,1096
4092,2015/03/03,2654
4093,2015/03/04,0519
4094,2015/03/05,2166
4095,2015/03/06,3539
4096,2015/03/09,8573
4097,2015/03/10,1191
4098,2015/03/11,9846
4099,2015/03/12,2370
4100,2015/03/13,7078
4101,2015/03/16,9154
4102,2015/03/17,3533
4103,2015/03/18,6459
4104,2015/03/19,2469
4105,2015/03/20,7203
4106,2015/03/23,2371
4107,2015/03/24,9007
4108,2015/03/25,0175
4109,2015/03/26,8876
4110,2015/03/27,0542
4111,2015/03/30,6776
4112,2015/03/31,1770
4113,2015/04/01,6223
4114,2015/04/02,5046
4115,2015/04/03,9387
4116,2015/04/06,9840
4117,2015/04/07,6008
4118,2015/04/08,2196
4119,2015/04/09,5708
4120,2015/04/10,6739
4121,2015/04/13,8620
4122,2015/04/14,6990
4123,2015/04/15,2584
4124,2015/04/16,6779
4125,2015/04/17,8099
4126,2015/04/20,9314
4127,2015/04/21,4788
4128,2015/04/22,2864
4129,2015/04/23,0563
4130,2015/04/24,1884
4131,2015/04/27,3795
4132,2015/04/28,6220
4133,2015/04/29,1166
4134,2015/04/30,8474
4135,2015/05/01,2794
4136,2015/05/04,6637
4137,2015/05/05,3953
4138,2015/05/06,0009
4139,2015/05/07,6758
4140,2015/05/08,3215
4141,2015/05/11,8615
4142,2015/05/12,8657
4143,2015/05/13,3349
4144,2015/05/14,3993
4145,2015/05/15,2222
4146,2015/05/18,9778
4147,2015/05/19,9904
4148,2015/05/20,5864
4149,2015/05/21,6950
4150,2015/05/22,6231
4151,2015/05/25,7901
4152,2015/05/26,6910
4153,2015/05/27,6569
4154,2015/05/28,6530
4155,2015/05/29,8492
4156,2015/06/01,6637
4157,2015/06/02,6359
4158,2015/06/03,2141
4159,2015/06/04,7809
4160,2015/06/05,3096
4161,2015/06/08,8779
4162,2015/06/09,6770
4163,2015/06/10,7145
4164,2015/06/11,7819
4165,2015/06/12,0335
4166,2015/06/15,7433
4167,2015/06/16,6898
4168,2015/06/17,4023
4169,2015/06/18,9177
4170,2015/06/19,6426
4171,2015/06/22,1990
4172,2015/06/23,8256
4173,2015/06/24,2870
4174,2015/06/25,7993
4175,2015/06/26,4914
4176,2015/06/29,3104
4177,2015/06/30,3058
4178,2015/07/01,8390
4179,2015/07/02,7965
4180,2015/07/03,6100
4181,2015/07/06,1568
4182,2015/07/07,1690
4183,2015/07/08,9461
4184,2015/07/09,1564
4185,2015/07/10,5453
4186,2015/07/13,5702
4187,2015/07/14,6834
4188,2015/07/15,5341
4189,2015/07/16,4105
4190,2015/07/17,7124
4191,2015/07/20,0963
4192,2015/07/21,6765
4193,2015/07/22,2699
4194,2015/07/23,8145
4195,2015/07/24,2384
4196,2015/07/27,0555
4197,2015/07/28,2922
4198,2015/07/29,5235
4199,2015/07/30,8063
4200,2015/07/31,7469
4201,2015/08/03,4468
4202,2015/08/04,9960
4203,2015/08/05,9792
4204,2015/08/06,9089
4205,2015/08/07,0075
4206,2015/08/10,3472
4207,2015/08/11,0553
4208,2015/08/12,0029
4209,2015/08/13,5872
4210,2015/08/14,8771
4211,2015/08/17,6383
4212,2015/08/18,9878
4213,2015/08/19,2956
4214,2015/08/20,9259
4215,2015/08/21,9386
4216,2015/08/24,5920
4217,2015/08/25,1318
4218,2015/08/26,7426
4219,2015/08/27,6677
4220,2015/08/28,3364
4221,2015/08/31,8399
4222,2015/09/01,8377
4223,2015/09/02,7859
4224,2015/09/03,5037
4225,2015/09/04,1757
4226,2015/09/07,5733
4227,2015/09/08,3930
4228,2015/09/09,4554
4229,2015/09/10,6425
4230,2015/09/11,5109
4231,2015/09/14,6255
4232,2015/09/15,3545
4233,2015/09/16,6284
4234,2015/09/17,7166
4235,2015/09/18,8225
4236,2015/09/21,5540
4237,2015/09/22,0597
4238,2015/09/23,6231
4239,2015/09/24,5187
4240,2015/09/25,6013
4241,2015/09/28,3318
4242,2015/09/29,0661
4243,2015/09/30,4099
4244,2015/10/01,5442
4245,2015/10/02,4056
4246,2015/10/05,4355
4247,2015/10/06,4109
4248,2015/10/07,5660
4249,2015/10/08,1815
4250,2015/10/09,3847
4251,2015/10/12,4065
4252,2015/10/13,7865
4253,2015/10/14,2298
4254,2015/10/15,9074
4255,2015/10/16,3209
4256,2015/10/19,0989
4257,2015/10/20,9437
4258,2015/10/21,1550
4259,2015/10/22,4750
4260,2015/10/23,2603
4261,2015/10/26,9030
4262,2015/10/27,8880
4263,2015/10/28,1731
4264,2015/10/29,3433
4265,2015/10/30,9043
4266,2015/11/02,0416
4267,2015/11/03,7706
4268,2015/11/04,8741
4269,2015/11/05,4121
4270,2015/11/06,3748
4271,2015/11/09,7522
4272,2015/11/10,1702
4273,2015/11/11,9395
4274,2015/11/12,2819
4275,2015/11/13,8000
4276,2015/11/16,2953
4277,2015/11/17,3449
4278,2015/11/18,6743
4279,2015/11/19,3919
4280,2015/11/20,8620
4281,2015/11/23,5231
4282,2015/11/24,9631
4283,2015/11/25,0887
4284,2015/11/26,9603
4285,2015/11/27,3619
4286,2015/11/30,1417
4287,2015/12/01,1018
4288,2015/12/02,6170
4289,2015/12/03,1063
4290,2015/12/04,2118
4291,2015/12/07,1809
4292,2015/12/08,1370
4293,2015/12/09,2727
4294,2015/12/10,1263
4295,2015/12/11,7899
4296,2015/12/14,7409
4297,2015/12/15,8937
4298,2015/12/16,4078
4299,2015/12/17,5866
4300,2015/12/18,2901
4301,2015/12/21,5306
4302,2015/12/22,7376
4303,2015/12/23,5132
4304,2015/12/24,4690
4305,2015/12/25,6790
4306,2015/12/28,4468
4307,2015/12/29,8354
4308,2015/12/30,5496
4309,2016/01/04,6778
4310,2016/01/05,5456
4311,2016/01/06,3619
4312,2016/01/07,5865
4313,2016/01/08,6186
4314,2016/01/11,5621
4315,2016/01/12,2227
4316,2016/01/13,2956
4317,2016/01/14,1944
4318,2016/01/15,8955
4319,2016/01/18,4150
4320,2016/01/19,8252
4321,2016/01/20,8339
4322,2016/01/21,2489
4323,2016/01/22,1492
4324,2016/01/25,5696
4325,2016/01/26,7323
4326,2016/01/27,5526
4327,2016/01/28,4893
4328,2016/01/29,0599
4329,2016/02/01,9021
4330,2016/02/02,0908
4331,2016/02/03,1499
4332,2016/02/04,8845
4333,2016/02/05,2339
4334,2016/02/08,9359
4335,2016/02/09,3120
4336,2016/02/10,3276
4337,2016/02/11,8813
4338,2016/02/12,8365
4339,2016/02/15,8458
4340,2016/02/16,8329
4341,2016/02/17,5738
4342,2016/02/18,3157
4343,2016/02/19,7027
4344,2016/02/22,8368
4345,2016/02/23,2332
4346,2016/02/24,8831
4347,2016/02/25,1576
4348,2016/02/26,9766
4349,2016/02/29,3730
4350,2016/03/01,9933
4351,2016/03/02,2600
4352,2016/03/03,5028
4353,2016/03/04,4944
4354,2016/03/07,1975
4355,2016/03/08,6429
4356,2016/03/09,0736
4357,2016/03/10,7486
4358,2016/03/11,3876
4359,2016/03/14,5252
4360,2016/03/15,0448
4361,2016/03/16,7742
4362,2016/03/17,8126
4363,2016/03/18,2293
4364,2016/03/21,7711
4365,2016/03/22,0570
4366,2016/03/23,6375
4367,2016/03/24,8188
4368,2016/03/25,5148
4369,2016/03/28,7777
4370,2016/03/29,6861
4371,2016/03/30,0551
4372,2016/03/31,6585
4373,2016/04/01,3823
4374,2016/04/04,4131
4375,2016/04/05,8622
4376,2016/04/06,4735
4377,2016/04/07,3744
4378,2016/04/08,3642
4379,2016/04/11,8525
4380,2016/04/12,7701
4381,2016/04/13,1701
4382,2016/04/14,7930
4383,2016/04/15,8459
4384,2016/04/18,5781
4385,2016/04/19,1084
4386,2016/04/20,2994
4387,2016/04/21,3141
4388,2016/04/22,7439
4389,2016/04/25,3778
4390,2016/04/26,4217
4391,2016/04/27,8034
4392,2016/04/28,2335
4393,2016/04/29,6051
4394,2016/05/02,1548
4395,2016/05/03,5906
4396,2016/05/04,3942
4397,2016/05/05,9013
4398,2016/05/06,4392
4399,2016/05/09,1308
4400,2016/05/10,4418
4401,2016/05/11,8132
4402,2016/05/12,7482
4403,2016/05/13,0483
4404,2016/05/16,0154
4405,2016/05/17,7546
4406,2016/05/18,6117
4407,2016/05/19,0869
4408,2016/05/20,1775
4409,2016/05/23,8403
4410,2016/05/24,8113
4411,2016/05/25,9104
4412,2016/05/26,3747
4413,2016/05/27,7398
4414,2016/05/30,1376
4415,2016/05/31,3940
4416,2016/06/01,9082
4417,2016/06/02,7299
4418,2016/06/03,1297
4419,2016/06/06,3659
4420,2016/06/07,3629
4421,2016/06/08,2688
4422,2016/06/09,2401
4423,2016/06/10,7530
4424,2016/06/13,1949
4425,2016/06/14,0411
4426,2016/06/15,6150
4427,2016/06/16,8976
4428,2016/06/17,5942
4429,2016/06/20,9044
4430,2016/06/21,4406
4431,2016/06/22,7028
4432,2016/06/23,3567
4433,2016/06/24,7935
4434,2016/06/27,0643
4435,2016/06/28,0846
4436,2016/06/29,7253
4437,2016/06/30,8984
4438,2016/07/01,8080
4439,2016/07/04,7318
4440,2016/07/05,3014
4441,2016/07/06,8872
4442,2016/07/07,7982
4443,2016/07/08,5179
4444,2016/07/11,8392
4445,2016/07/12,4315
4446,2016/07/13,8082
4447,2016/07/14,2948
4448,2016/07/15,4744
4449,2016/07/18,7409
4450,2016/07/19,3068
4451,2016/07/20,5556
4452,2016/07/21,4473
4453,2016/07/22,4380
4454,2016/07/25,4800
4455,2016/07/26,9750
4456,2016/07/27,4277
4457,2016/07/28,2024
4458,2016/07/29,5956
4459,2016/08/01,2913
4460,2016/08/02,9083
4461,2016/08/03,5813
4462,2016/08/04,9995
4463,2016/08/05,2008
4464,2016/08/08,9401
4465,2016/08/09,8391
4466,2016/08/10,0668
4467,2016/08/11,7869
4468,2016/08/12,4605
4469,2016/08/15,8208
4470,2016/08/16,0311
4471,2016/08/17,1065
4472,2016/08/18,3838
4473,2016/08/19,5863
4474,2016/08/22,1776
4475,2016/08/23,4097
4476,2016/08/24,9484
4477,2016/08/25,1904
4478,2016/08/26,8699
4479,2016/08/29,9929
4480,2016/08/30,7736
4481,2016/08/31,1355
4482,2016/09/01,0025
4483,2016/09/02,0388
4484,2016/09/05,6869
4485,2016/09/06,9228
4486,2016/09/07,6732
4487,2016/09/08,7656
4488,2016/09/09,3952
4489,2016/09/12,6572
4490,2016/09/13,3537
4491,2016/09/14,2861
4492,2016/09/15,8220
4493,2016/09/16,7281
4494,2016/09/19,9024
4495,2016/09/20,9109
4496,2016/09/21,8014
4497,2016/09/22,7170
4498,2016/09/23,6765
4499,2016/09/26,4564
4500,2016/09/27,1362
4501,2016/09/28,1613
4502,2016/09/29,7015
4503,2016/09/30,8597
4504,2016/10/03,2964
4505,2016/10/04,9427
4506,2016/10/05,4439
4507,2016/10/06,1019
4508,2016/10/07,8786
4509,2016/10/10,8019
4510,2016/10/11,1098
4511,2016/10/12,0237
4512,2016/10/13,6838
4513,2016/10/14,9384
4514,2016/10/17,1404
4515,2016/10/18,3741
4516,2016/10/19,0995
4517,2016/10/20,2277
4518,2016/10/21,3081
4519,2016/10/24,4820
4520,2016/10/25,5930
4521,2016/10/26,5030
4522,2016/10/27,5550
4523,2016/10/28,0494
4524,2016/10/31,8953
4525,2016/11/01,7543
4526,2016/11/02,2073
4527,2016/11/03,5404
4528,2016/11/04,5831
4529,2016/11/07,5314
4530,2016/11/08,2645
4531,2016/11/09,6433
4532,2016/11/10,3294
4533,2016/11/11,0371
4534,2016/11/14,9771
4535,2016/11/15,3756
4536,2016/11/16,1097
4537,2016/11/17,0328
4538,2016/11/18,3094
4539,2016/11/21,8469
4540,2016/11/22,9817
4541,2016/11/23,5769
4542,2016/11/24,0990
4543,2016/11/25,1415
4544,2016/11/28,3695
4545,2016/11/29,2150
4546,2016/11/30,8573
4547,2016/12/01,3057
4548,2016/12/02,3669
4549,2016/12/05,0261
4550,2016/12/06,0750
4551,2016/12/07,4802
4552,2016/12/08,9583
4553,2016/12/09,7633
4554,2016/12/12,4761
4555,2016/12/13,6612
4556,2016/12/14,6007
4557,2016/12/15,4796
4558,2016/12/16,6121
4559,2016/12/19,0420
4560,2016/12/20,8322
4561,2016/12/21,3080
4562,2016/12/22,6058
4563,2016/12/23,1018
4564,2016/12/26,4753
4565,2016/12/27,0905
4566,2016/12/28,7703
4567,2016/12/29,7546
4568,2016/12/30,3598
4569,2017/01/04,4599
4570,2017/01/05,4823
4571,2017/01/06,5575
4572,2017/01/09,1241
4573,2017/01/10,3799
4574,2017/01/11,0960
4575,2017/01/12,3230
4576,2017/01/13,4034
4577,2017/01/16,0818
4578,2017/01/17,9459
4579,2017/01/18,4863
4580,2017/01/19,9032
4581,2017/01/20,7097
4582,2017/01/23,6940
4583,2017/01/24,2054
4584,2017/01/25,2508
4585,2017/01/26,9178
4586,2017/01/27,1300
4587,2017/01/30,1912
4588,2017/01/31,6652
4589,2017/02/01,6646
4590,2017/02/02,6109
4591,2017/02/03,3402
4592,2017/02/06,3293
4593,2017/02/07,4787
4594,2017/02/08,1702
4595,2017/02/09,8785
4596,2017/02/10,1320
4597,2017/02/13,5571
4598,2017/02/14,7837
4599,2017/02/15,7985
4600,2017/02/16,7499
4601,2017/02/17,3877
4602,2017/02/20,7328
4603,2017/02/21,4088
4604,2017/02/22,5256
4605,2017/02/23,4671
4606,2017/02/24,5812
4607,2017/02/27,2882
4608,2017/02/28,1347
4609,2017/03/01,9139
4610,2017/03/02,1340
4611,2017/03/03,7925
4612,2017/03/06,0474
4613,2017/03/07,6505
4614,2017/03/08,8319
4615,2017/03/09,4756
4616,2017/03/10,1515
4617,2017/03/13,3806
4618,2017/03/14,3748
4619,2017/03/15,5750
4620,2017/03/16,9808
4621,2017/03/17,0681
4622,2017/03/20,2898
4623,2017/03/21,7959
4624,2017/03/22,0289
4625,2017/03/23,4378
4626,2017/03/24,8194
4627,2017/03/27,8576
4628,2017/03/28,1709
4629,2017/03/29,4995
4630,2017/03/30,5793
4631,2017/03/31,3491
4632,2017/04/03,2581
4633,2017/04/04,0924
4634,2017/04/05,5971
4635,2017/04/06,9800
4636,2017/04/07,8667
4637,2017/04/10,2519
4638,2017/04/11,9742
4639,2017/04/12,5951
4640,2017/04/13,7223
4641,2017/04/14,8661
4642,2017/04/17,0062
4643,2017/04/18,5520
4644,2017/04/19,2966
4645,2017/04/20,5881
4646,2017/04/21,1307
4647,2017/04/24,1315
4648,2017/04/25,2159
4649,2017/04/26,3787
4650,2017/04/27,8402
4651,2017/04/28,6154
4652,2017/05/01,5474
4653,2017/05/02,4087
4654,2017/05/03,1919
4655,2017/05/04,6347
4656,2017/05/05,5696
4657,2017/05/08,0202
4658,2017/05/09,1755
4659,2017/05/10,6841
4660,2017/05/11,5458
4661,2017/05/12,2851
4662,2017/05/15,5134
4663,2017/05/16,3906
4664,2017/05/17,9129
4665,2017/05/18,6423
4666,2017/05/19,8653
4667,2017/05/22,7568
4668,2017/05/23,6181
4669,2017/05/24,0209
4670,2017/05/25,9017
4671,2017/05/26,2238
4672,2017/05/29,5853
4673,2017/05/30,6541
4674,2017/05/31,6806
4675,2017/06/01,9483
4676,2017/06/02,5351
4677,2017/06/05,9295
4678,2017/06/06,9179
4679,2017/06/07,4874
4680,2017/06/08,3847
4681,2017/06/09,3192
4682,2017/06/12,6669
4683,2017/06/13,2318
4684,2017/06/14,4523
4685,2017/06/15,6003
4686,2017/06/16,0823
4687,2017/06/19,0795
4688,2017/06/20,9963
4689,2017/06/21,8627
4690,2017/06/22,6554
4691,2017/06/23,8239
4692,2017/06/26,8766
4693,2017/06/27,1171
4694,2017/06/28,8647
4695,2017/06/29,0973
4696,2017/06/30,2450
4697,2017/07/03,0551
4698,2017/07/04,6995
4699,2017/07/05,3997
4700,2017/07/06,6180
4701,2017/07/07,4348
4702,2017/07/10,0101
4703,2017/07/11,5169
4704,2017/07/12,0096
4705,2017/07/13,3233
4706,2017/07/14,3600
4707,2017/07/17,4714
4708,2017/07/18,4993
4709,2017/07/19,2966
4710,2017/07/20,8855
4711,2017/07/21,1534
4712,2017/07/24,8462
4713,2017/07/25,6297
4714,2017/07/26,7979
4715,2017/07/27,1605
4716,2017/07/28,9114
4717,2017/07/31,6730
4718,2017/08/01,6985
4719,2017/08/02,2429
4720,2017/08/03,8620
4721,2017/08/04,5547
4722,2017/08/07,1876
4723,2017/08/08,5851
4724,2017/08/09,7394
4725,2017/08/10,7877
4726,2017/08/11,6631
4727,2017/08/14,9045
4728,2017/08/15,5636
4729,2017/08/16,7984
4730,2017/08/17,6380
4731,2017/08/18,4540
4732,2017/08/21,3219
4733,2017/08/22,7511
4734,2017/08/23,5200
4735,2017/08/24,1743
4736,2017/08/25,7385
4737,2017/08/28,6729
4738,2017/08/29,3543
4739,2017/08/30,3702
4740,2017/08/31,2738
4741,2017/09/01,5194
4742,2017/09/04,0053
4743,2017/09/05,7614
4744,2017/09/06,0137
4745,2017/09/07,7259
4746,2017/09/08,4538
4747,2017/09/11,2023
4748,2017/09/12,7436
4749,2017/09/13,0490
4750,2017/09/14,0531
4751,2017/09/15,1936
4752,2017/09/18,2682
4753,2017/09/19,3613
4754,2017/09/20,5012
4755,2017/09/21,2100
4756,2017/09/22,3162
4757,2017/09/25,9810
4758,2017/09/26,1431
4759,2017/09/27,5224
4760,2017/09/28,0671
4761,2017/09/29,3236
4762,2017/10/02,6538
4763,2017/10/03,3357
4764,2017/10/04,2135
4765,2017/10/05,2524
4766,2017/10/06,9159
4767,2017/10/09,5859
4768,2017/10/10,7920
4769,2017/10/11,2699
4770,2017/10/12,8061
4771,2017/10/13,6856
4772,2017/10/16,6708
4773,2017/10/17,6863
4774,2017/10/18,7187
4775,2017/10/19,4615
4776,2017/10/20,6897
4777,2017/10/23,6135
4778,2017/10/24,5359
4779,2017/10/25,3309
4780,2017/10/26,6341
4781,2017/10/27,6701
4782,2017/10/30,9542
4783,2017/10/31,4924
4784,2017/11/01,3880
4785,2017/11/02,1343
4786,2017/11/03,3185
4787,2017/11/06,2533
4788,2017/11/07,7893
4789,2017/11/08,8560
4790,2017/11/09,2114
4791,2017/11/10,6351
4792,2017/11/13,4700
4793,2017/11/14,9033
4794,2017/11/15,5808
4795,2017/11/16,5360
4796,2017/11/17,5863
4797,2017/11/20,8642
4798,2017/11/21,9840
4799,2017/11/22,3598
4800,2017/11/23,9182
4801,2017/11/24,7288
4802,2017/11/27,9698
4803,2017/11/28,6229
4804,2017/11/29,0740
4805,2017/11/30,6287
4806,2017/12/01,9035
4807,2017/12/04,1556
4808,2017/12/05,2348
4809,2017/12/06,4974
4810,2017/12/07,4991
4811,2017/12/08,0382
4812,2017/12/11,3627
4813,2017/12/12,8528
4814,2017/12/13,1920
4815,2017/12/14,8835
4816,2017/12/15,6907
4817,2017/12/18,0991
4818,2017/12/19,8318
4819,2017/12/20,8333
4820,2017/12/21,9436
4821,2017/12/22,0587
4822,2017/12/25,8894
4823,2017/12/26,6933
4824,2017/12/27,4543
4825,2017/12/28,9664
4826,2017/12/29,7789
4827,2018/01/04,5319
4828,2018/01/05,6489
4829,2018/01/08,5346
4830,2018/01/09,9751
4831,2018/01/10,1523
4832,2018/01/11,5820
4833,2018/01/12,7751
4834,2018/01/15,6605
4835,2018/01/16,5564
4836,2018/01/17,3506
4837,2018/01/18,6110
4838,2018/01/19,3027
4839,2018/01/22,3146
4840,2018/01/23,0341
4841,2018/01/24,6443
4842,2018/01/25,0517
4843,2018/01/26,8334
4844,2018/01/29,9016
4845,2018/01/30,4945
4846,2018/01/31,4148
4847,2018/02/01,7163
4848,2018/02/02,8905
4849,2018/02/05,2859
4850,2018/02/06,2666
4851,2018/02/07,2864
4852,2018/02/08,2675
4853,2018/02/09,9600
4854,2018/02/12,9246
4855,2018/02/13,1509
4856,2018/02/14,6647
4857,2018/02/15,3275
4858,2018/02/16,1540
4859,2018/02/19,5550
4860,2018/02/20,4687
4861,2018/02/21,8987
4862,2018/02/22,2979
4863,2018/02/23,0757
4864,2018/02/26,5510
4865,2018/02/27,7336
4866,2018/02/28,0626
4867,2018/03/01,5061
4868,2018/03/02,1107
4869,2018/03/05,6976
4870,2018/03/06,3501
4871,2018/03/07,8083
4872,2018/03/08,7475
4873,2018/03/09,3159
4874,2018/03/12,1028
4875,2018/03/13,5193
4876,2018/03/14,5563
4877,2018/03/15,6566
4878,2018/03/16,0015
4879,2018/03/19,5637
4880,2018/03/20,5593
4881,2018/03/21,4378
4882,2018/03/22,0662
4883,2018/03/23,2752
4884,2018/03/26,9923
4885,2018/03/27,4445
4886,2018/03/28,6562
4887,2018/03/29,8823
4888,2018/03/30,5424
4889,2018/04/02,9304
4890,2018/04/03,3794
4891,2018/04/04,4950
4892,2018/04/05,3940
4893,2018/04/06,2896
4894,2018/04/09,4115
4895,2018/04/10,6359
4896,2018/04/11,8549
4897,2018/04/12,6818
4898,2018/04/13,2560
4899,2018/04/16,9991
4900,2018/04/17,8323
4901,2018/04/18,0593
4902,2018/04/19,2166
4903,2018/04/20,9161
4904,2018/04/23,1125
4905,2018/04/24,0035
4906,2018/04/25,4198
4907,2018/04/26,0796
4908,2018/04/27,9631
4909,2018/04/30,9814
4910,2018/05/01,6951
4911,2018/05/02,5135
4912,2018/05/03,6884
4913,2018/05/04,5507
4914,2018/05/07,4336
4915,2018/05/08,5108
4916,2018/05/09,8670
4917,2018/05/10,7807
4918,2018/05/11,8659
4919,2018/05/14,6485
4920,2018/05/15,6515
4921,2018/05/16,1143
4922,2018/05/17,8202
4923,2018/05/18,5468
4924,2018/05/21,3636
4925,2018/05/22,0612
4926,2018/05/23,5297
4927,2018/05/24,8310
4928,2018/05/25,0621
4929,2018/05/28,9095
4930,2018/05/29,4696
4931,2018/05/30,2307
4932,2018/05/31,1641
4933,2018/06/01,3031
4934,2018/06/04,0411
4935,2018/06/05,8009
4936,2018/06/06,2374
4937,2018/06/07,5382
4938,2018/06/08,5935
4939,2018/06/11,3076
4940,2018/06/12,6657
4941,2018/06/13,7993
4942,2018/06/14,5121
4943,2018/06/15,7711
4944,2018/06/18,4113
4945,2018/06/19,1762
4946,2018/06/20,2309
4947,2018/06/21,4698
4948,2018/06/22,9473
4949,2018/06/25,2079
4950,2018/06/26,2154
4951,2018/06/27,0185
4952,2018/06/28,7693
4953,2018/06/29,7835
4954,2018/07/02,6807
4955,2018/07/03,6830
4956,2018/07/04,6894
4957,2018/07/05,8943
4958,2018/07/06,7278
4959,2018/07/09,5452
4960,2018/07/10,3155
4961,2018/07/11,2336
4962,2018/07/12,0555
4963,2018/07/13,1963
4964,2018/07/16,6817
4965,2018/07/17,8652
4966,2018/07/18,7908
4967,2018/07/19,0774
4968,2018/07/20,4061
4969,2018/07/23,8827
4970,2018/07/24,3127
4971,2018/07/25,2850
4972,2018/07/26,9125
4973,2018/07/27,7015
4974,2018/07/30,2120
4975,2018/07/31,7706
4976,2018/08/01,1776
4977,2018/08/02,2323
4978,2018/08/03,8989
4979,2018/08/06,1265
4980,2018/08/07,8946
4981,2018/08/08,0278
4982,2018/08/09,7212
4983,2018/08/10,2355
4984,2018/08/13,6376
4985,2018/08/14,6563
4986,2018/08/15,7870
4987,2018/08/16,7395
4988,2018/08/17,4838
4989,2018/08/20,5136
4990,2018/08/21,4411
4991,2018/08/22,4651
4992,2018/08/23,4820
4993,2018/08/24,6673
4994,2018/08/27,5950
4995,2018/08/28,3646
4996,2018/08/29,7005
4997,2018/08/30,5464
4998,2018/08/31,7319
4999,2018/09/03,0659
5000,2018/09/04,2814
5001,2018/09/05,0181
5002,2018/09/06,2906
5003,2018/09/07,6006
5004,2018/09/10,9054
5005,2018/09/11,8823
5006,2018/09/12,8008
5007,2018/09/13,8677
5008,2018/09/14,6159
5009,2018/09/17,8088
5010,2018/09/18,4045
5011,2018/09/19,9052
5012,2018/09/20,6804
5013,2018/09/21,8691
5014,2018/09/24,1824
5015,2018/09/25,0887
5016,2018/09/26,1849
5017,2018/09/27,5457
5018,2018/09/28,0973
5019,2018/10/01,3331
5020,2018/10/02,6709
5021,2018/10/03,3268
5022,2018/10/04,7598
5023,2018/10/05,7964
5024,2018/10/08,6401
5025,2018/10/09,2536
5026,2018/10/10,0222
5027,2018/10/11,2742
5028,2018/10/12,6371
5029,2018/10/15,7978
5030,2018/10/16,8342
5031,2018/10/17,3009
5032,2018/10/18,8879
5033,2018/10/19,5834
5034,2018/10/22,7104
5035,2018/10/23,2475
5036,2018/10/24,6768
5037,2018/10/25,5804
5038,2018/10/26,4399
5039,2018/10/29,4157
5040,2018/10/30,2909
5041,2018/10/31,2068
5042,2018/11/01,2290
5043,2018/11/02,5444
5044,2018/11/05,6009
5045,2018/11/06,3709
5046,2018/11/07,8931
5047,2018/11/08,7759
5048,2018/11/09,8407
5049,2018/11/12,5175
5050,2018/11/13,9404
5051,2018/11/14,2901
5052,2018/11/15,6456
5053,2018/11/16,3743
5054,2018/11/19,8590
5055,2018/11/20,9611
5056,2018/11/21,4959
5057,2018/11/22,3501
5058,2018/11/23,8309
5059,2018/11/26,8038
5060,2018/11/27,2945
5061,2018/11/28,4460
5062,2018/11/29,3789
5063,2018/11/30,5479
5064,2018/12/03,8323
5065,2018/12/04,7127
5066,2018/12/05,6135
5067,2018/12/06,6525
5068,2018/12/07,5785
5069,2018/12/10,2621
5070,2018/12/11,3299
5071,2018/12/12,5384
5072,2018/12/13,1350
5073,2018/12/14,5853
5074,2018/12/17,8564
5075,2018/12/18,5146
5076,2018/12/19,9225
5077,2018/12/20,5575
5078,2018/12/21,6828
5079,2018/12/24,1631
5080,2018/12/25,3724
5081,2018/12/26,2822
5082,2018/12/27,3002
5083,2018/12/28,5231
5084,2019/01/04,5939
5085,2019/01/07,9061
5086,2019/01/08,3611
5087,2019/01/09,5275
5088,2019/01/10,9075
5089,2019/01/11,8011
5090,2019/01/14,9921
5091,2019/01/15,9670
5092,2019/01/16,0294
5093,2019/01/17,1979
5094,2019/01/18,7632
5095,2019/01/21,2125
5096,2019/01/22,2789
5097,2019/01/23,3142
5098,2019/01/24,3345
5099,2019/01/25,7632
5100,2019/01/28,2835
5101,2019/01/29,4361
5102,2019/01/30,1980
5103,2019/01/31,9845
5104,2019/02/01,3274
5105,2019/02/04,8661
5106,2019/02/05,5196
5107,2019/02/06,2811
5108,2019/02/07,6537
5109,2019/02/08,1996
5110,2019/02/11,4304
5111,2019/02/12,7771
5112,2019/02/13,4259
5113,2019/02/14,4072
5114,2019/02/15,0359
5115,2019/02/18,1906
5116,2019/02/19,8370
5117,2019/02/20,0952
5118,2019/02/21,9572
5119,2019/02/22,4397
5120,2019/02/25,5406
5121,2019/02/26,2133
5122,2019/02/27,2515
5123,2019/02/28,5717
5124,2019/03/01,5667
5125,2019/03/04,7315
5126,2019/03/05,2002
5127,2019/03/06,1610
5128,2019/03/07,4047
5129,2019/03/08,5292
5130,2019/03/11,7525
5131,2019/03/12,1625
5132,2019/03/13,3718
5133,2019/03/14,2392
5134,2019/03/15,5728
5135,2019/03/18,4945
5136,2019/03/19,6998
5137,2019/03/20,2702
5138,2019/03/21,0905
5139,2019/03/22,8719
5140,2019/03/25,4172
5141,2019/03/26,1871
5142,2019/03/27,1785
5143,2019/03/28,4386
5144,2019/03/29,1083
5145,2019/04/01,4001
5146,2019/04/02,8811
5147,2019/04/03,9229
5148,2019/04/04,1200
5149,2019/04/05,9688
5150,2019/04/08,8391
5151,2019/04/09,4889
5152,2019/04/10,4289
5153,2019/04/11,7670
5154,2019/04/12,0431
5155,2019/04/15,7267
5156,2019/04/16,8597
5157,2019/04/17,7206
5158,2019/04/18,3048
5159,2019/04/19,1392
5160,2019/04/22,6352
5161,2019/04/23,6924
5162,2019/04/24,9916
5163,2019/04/25,7682
5164,2019/04/26,9204
5165,2019/04/29,2636
5166,2019/04/30,0331
5167,2019/05/01,6703
5168,2019/05/02,0423
5169,2019/05/03,5637
5170,2019/05/06,1275
5171,2019/05/07,8547
5172,2019/05/08,7802
5173,2019/05/09,6251
5174,2019/05/10,0010
5175,2019/05/13,2780
5176,2019/05/14,9141
5177,2019/05/15,4143
5178,2019/05/16,4388
5179,2019/05/17,9254
5180,2019/05/20,5090
5181,2019/05/21,1177
5182,2019/05/22,7254
5183,2019/05/23,1312
5184,2019/05/24,3037
5185,2019/05/27,7912
5186,2019/05/28,3602
5187,2019/05/29,8447
5188,2019/05/30,3690
5189,2019/05/31,0146
5190,2019/06/03,9555
5191,2019/06/04,3481
5192,2019/06/05,4571
5193,2019/06/06,8113
5194,2019/06/07,0777
5195,2019/06/10,1448
5196,2019/06/11,3201
5197,2019/06/12,5879
5198,2019/06/13,5318
5199,2019/06/14,9674
5200,2019/06/17,4322
5201,2019/06/18,4333
5202,2019/06/19,4743
5203,2019/06/20,0602
5204,2019/06/21,2880
5205,2019/06/24,3658
5206,2019/06/25,6616
5207,2019/06/26,5749
5208,2019/06/27,4825
5209,2019/06/28,1790
5210,2019/07/01,7116
5211,2019/07/02,7286
5212,2019/07/03,8349
5213,2019/07/04,7193
5214,2019/07/05,2571
5215,2019/07/08,1032
5216,2019/07/09,4945
5217,2019/07/10,3799
5218,2019/07/11,3742
5219,2019/07/12,2504
5220,2019/07/15,6545
5221,2019/07/16,8506
5222,2019/07/17,5572
5223,2019/07/18,0502
5224,2019/07/19,7795
5225,2019/07/22,7211
5226,2019/07/23,7782
5227,2019/07/24,2134
5228,2019/07/25,5215
5229,2019/07/26,2791
5230,2019/07/29,3442
5231,2019/07/30,2447
5232,2019/07/31,7846
5233,2019/08/01,2945
5234,2019/08/02,1575
5235,2019/08/05,1055
5236,2019/08/06,6385
5237,2019/08/07,5223
5238,2019/08/08,2188
5239,2019/08/09,8637
5240,2019/08/12,9036
5241,2019/08/13,8199
5242,2019/08/14,6196
5243,2019/08/15,0387
5244,2019/08/16,4305
5245,2019/08/19,8440
5246,2019/08/20,8604
5247,2019/08/21,9259
5248,2019/08/22,6550
5249,2019/08/23,9223
5250,2019/08/26,6479
5251,2019/08/27,7206
5252,2019/08/28,9083
5253,2019/08/29,1616
5254,2019/08/30,2200
5255,2019/09/02,9854
5256,2019/09/03,7521
5257,2019/09/04,2076
5258,2019/09/05,1528
5259,2019/09/06,8216
5260,2019/09/09,7567
5261,2019/09/10,9304
5262,2019/09/11,4765
5263,2019/09/12,0411
5264,2019/09/13,5420
5265,2019/09/16,5043
5266,2019/09/17,3356
5267,2019/09/18,3708
5268,2019/09/19,8518
5269,2019/09/20,3542
5270,2019/09/23,1155
5271,2019/09/24,1015
5272,2019/09/25,1834
5273,2019/09/26,1067
5274,2019/09/27,8847
5275,2019/09/30,9086
5276,2019/10/01,0362
5277,2019/10/02,9996
5278,2019/10/03,7778
5279,2019/10/04,0987
5280,2019/10/07,7499
5281,2019/10/08,0222
5282,2019/10/09,5543
5283,2019/10/10,8165
5284,2019/10/11,0072
5285,2019/10/14,0119
5286,2019/10/15,5939
5287,2019/10/16,8795
5288,2019/10/17,5550
5289,2019/10/18,1459
5290,2019/10/21,0093
5291,2019/10/22,3103
5292,2019/10/23,8447
5293,2019/10/24,8362
5294,2019/10/25,7215
5295,2019/10/28,7173
5296,2019/10/29,8530
5297,2019/10/30,2119
5298,2019/10/31,3036
5299,2019/11/01,8719
5300,2019/11/04,8593
5301,2019/11/05,5272
5302,2019/11/06,1546
5303,2019/11/07,0135
5304,2019/11/08,6748
5305,2019/11/11,6693
5306,2019/11/12,5513
5307,2019/11/13,9909
5308,2019/11/14,1463
5309,2019/11/15,4955
5310,2019/11/18,6824
5311,2019/11/19,9645
5312,2019/11/20,1400
5313,2019/11/21,8196
5314,2019/11/22,2639
5315,2019/11/25,6543
5316,2019/11/26,2080
5317,2019/11/27,6945
5318,2019/11/28,7088
5319,2019/11/29,8557
5320,2019/12/02,4556
5321,2019/12/03,3710
5322,2019/12/04,0053
5323,2019/12/05,7622
5324,2019/12/06,2842
5325,2019/12/09,9864
5326,2019/12/10,9168
5327,2019/12/11,7186
5328,2019/12/12,0018
5329,2019/12/13,8482
5330,2019/12/16,0408
5331,2019/12/17,6065
5332,2019/12/18,6084
5333,2019/12/19,8496
5334,2019/12/20,1505
5335,2019/12/23,1333
5336,2019/12/24,4069
5337,2019/12/25,6395
5338,2019/12/26,4732
5339,2019/12/27,2682
5340,2019/12/30,9980
5341,2020/01/06,0702
5342,2020/01/07,6143
5343,2020/01/08,4198
5344,2020/01/09,5049
5345,2020/01/10,9954
5346,2020/01/13,9896
5347,2020/01/14,1450
5348,2020/01/15,9545
5349,2020/01/16,0990
5350,2020/01/17,6490
5351,2020/01/20,2668
5352,2020/01/21,5172
5353,2020/01/22,4349
5354,2020/01/23,2309
5355,2020/01/24,4531
5356,2020/01/27,0480
5357,2020/01/28,7411
5358,2020/01/29,9231
5359,2020/01/30,6087
5360,2020/01/31,6448
5361,2020/02/03,3954
5362,2020/02/04,6887
5363,2020/02/05,0966
5364,2020/02/06,4770
5365,2020/02/07,9167
5366,2020/02/10,2108
5367,2020/02/11,0762
5368,2020/02/12,1768
5369,2020/02/13,9550
5370,2020/02/14,3711
5371,2020/02/17,6476
5372,2020/02/18,2840
5373,2020/02/19,2808
5374,2020/02/20,5857
5375,2020/02/21,1913
5376,2020/02/24,9958
5377,2020/02/25,9209
5378,2020/02/26,0978
5379,2020/02/27,4752
5380,2020/02/28,8713
5381,2020/03/02,8836
5382,2020/03/03,0335
5383,2020/03/04,8687
5384,2020/03/05,9217
5385,2020/03/06,2207
5386,2020/03/09,1775
5387,2020/03/10,0425
5388,2020/03/11,0773
5389,2020/03/12,9447
5390,2020/03/13,5706
5391,2020/03/16,3983
5392,2020/03/17,4477
5393,2020/03/18,4097
5394,2020/03/19,7214
5395,2020/03/20,5351
5396,2020/03/23,3012
5397,2020/03/24,6240
5398,2020/03/25,2973
5399,2020/03/26,5141
5400,2020/03/27,2598
5401,2020/03/30,4906
5402,2020/03/31,9561
5403,2020/04/01,4717
5404,2020/04/02,4489
5405,2020/04/03,8864
5406,2020/04/06,7838
5407,2020/04/07,7034
5408,2020/04/08,1092
5409,2020/04/09,7573
5410,2020/04/10,2175
5411,2020/04/13,4803
5412,2020/04/14,4017
5413,2020/04/15,2861
5414,2020/04/16,7072
5415,2020/04/17,5078
5416,2020/04/20,9836
5417,2020/04/21,0426
5418,2020/04/22,2402
5419,2020/04/23,2929
5420,2020/04/24,1429
5421,2020/04/27,8886
5422,2020/04/28,4893
5423,2020/04/29,7278
5424,2020/04/30,8472
5425,2020/05/01,3775
5426,2020/05/04,0029
5427,2020/05/05,0828
5428,2020/05/06,1149
5429,2020/05/07,0491
5430,2020/05/08,3417
5431,2020/05/11,4430
5432,2020/05/12,2116
5433,2020/05/13,9011
5434,2020/05/14,7471
5435,2020/05/15,6531
5436,2020/05/18,6845
5437,2020/05/19,2369
5438,2020/05/20,4996
5439,2020/05/21,3752
5440,2020/05/22,1598
5441,2020/05/25,7886
5442,2020/05/26,5859
5443,2020/05/27,7709
5444,2020/05/28,4767
5445,2020/05/29,1447
5446,2020/06/01,2739
5447,2020/06/02,7732
5448,2020/06/03,8473
5449,2020/06/04,3036
5450,2020/06/05,0517
5451,2020/06/08,8183
5452,2020/06/09,3061
5453,2020/06/10,8609
5454,2020/06/11,3730
5455,2020/06/12,0881
5456,2020/06/15,8475
5457,2020/06/16,9617
5458,2020/06/17,0722
5459,2020/06/18,8256
5460,2020/06/19,1944
5461,2020/06/22,8970
5462,2020/06/23,6754
5463,2020/06/24,8139
5464,2020/06/25,7206
5465,2020/06/26,6079
5466,2020/06/29,4370
5467,2020/06/30,9421
5468,2020/07/01,1341
5469,2020/07/02,9147
5470,2020/07/03,0386
5471,2020/07/06,9856
5472,2020/07/07,7437
5473,2020/07/08,6269
5474,2020/07/09,0633
5475,2020/07/10,0758
5476,2020/07/13,4346
5477,2020/07/14,2671
5478,2020/07/15,0063
5479,2020/07/16,1321
5480,2020/07/17,2437
5481,2020/07/20,2906
5482,2020/07/21,6603
5483,2020/07/22,4836
5484,2020/07/23,9853
5485,2020/07/24,9451
5486,2020/07/27,2358
5487,2020/07/28,9905
5488,2020/07/29,1558
5489,2020/07/30,0008
5490,2020/07/31,2717
5491,2020/08/03,5116
5492,2020/08/04,6679
5493,2020/08/05,4793
5494,2020/08/06,8478
5495,2020/08/07,2823
5496,2020/08/10,8386
5497,2020/08/11,8065
5498,2020/08/12,8311
5499,2020/08/13,8055
5500,2020/08/14,2413
5501,2020/08/17,6591
5502,2020/08/18,3929
5503,2020/08/19,5405
5504,2020/08/20,6653
5505,2020/08/21,6510
5506,2020/08/24,7738
5507,2020/08/25,8063
5508,2020/08/26,8876
5509,2020/08/27,8499
5510,2020/08/28,5989
5511,2020/08/31,1240
5512,2020/09/01,2417
5513,2020/09/02,3565
5514,2020/09/03,3833
5515,2020/09/04,6198
5516,2020/09/07,3392
5517,2020/09/08,2687
5518,2020/09/09,7405
5519,2020/09/10,8815
5520,2020/09/11,6764
5521,2020/09/14,8918
5522,2020/09/15,4872
5523,2020/09/16,4251
5524,2020/09/17,7682
5525,2020/09/18,3542
5526,2020/09/21,2182
5527,2020/09/22,9566
5528,2020/09/23,4218
5529,2020/09/24,1131
5530,2020/09/25,2063
5531,2020/09/28,2128
5532,2020/09/29,1288
5533,2020/09/30,7106
5534,2020/10/01,4380
5535,2020/10/02,1610
5536,2020/10/05,4228
5537,2020/10/06,4086
5538,2020/10/07,2972
5539,2020/10/08,2299
5540,2020/10/09,6963
5541,2020/10/12,9684
5542,2020/10/13,7977
5543,2020/10/14,1599
5544,2020/10/15,4114
5545,2020/10/16,6063
5546,2020/10/19,1222
5547,2020/10/20,0103
5548,2020/10/21,4301
5549,2020/10/22,8866
5550,2020/10/23,6518
5551,2020/10/26,8722
5552,2020/10/27,4208
5553,2020/10/28,5010
5554,2020/10/29,2024
5555,2020/10/30,5552
5556,2020/11/02,0256
5557,2020/11/03,6615
5558,2020/11/04,6213
5559,2020/11/05,1769
5560,2020/11/06,1605
5561,2020/11/09,8594
5562,2020/11/10,1607
5563,2020/11/11,6620
5564,2020/11/12,2587
5565,2020/11/13,6977
5566,2020/11/16,0622
5567,2020/11/17,2304
5568,2020/11/18,0613
5569,2020/11/19,8052
5570,2020/11/20,3924
5571,2020/11/23,8044
5572,2020/11/24,2995
5573,2020/11/25,0723
5574,2020/11/26,1745
5575,2020/11/27,2148
5576,2020/11/30,0356
5577,2020/12/01,0254
5578,2020/12/02,1446
5579,2020/12/03,5190
5580,2020/12/04,4636
5581,2020/12/07,2819
5582,2020/12/08,6591
5583,2020/12/09,0030
5584,2020/12/10,7507
5585,2020/12/11,0502
5586,2020/12/14,4515
5587,2020/12/15,0406
5588,2020/12/16,0274
5589,2020/12/17,1962
5590,2020/12/18,1174
5591,2020/12/21,9935
5592,2020/12/22,6635
5593,2020/12/23,7349
5594,2020/12/24,8737
5595,2020/12/25,5876
5596,2020/12/28,2058
5597,2020/12/29,2649
5598,2020/12/30,0169
5599,2021/01/04,3299
5600,2021/01/05,1530
5601,2021/01/06,7155
5602,2021/01/07,1974
5603,2021/01/08,5852
5604,2021/01/11,6497
5605,2021/01/12,8695
5606,2021/01/13,1985
5607,2021/01/14,4886
5608,2021/01/15,0983
5609,2021/01/18,5172
5610,2021/01/19,8877
5611,2021/01/20,3380
5612,2021/01/21,4738
5613,2021/01/22,1605
5614,2021/01/25,2030
5615,2021/01/26,4298
5616,2021/01/27,7754
5617,2021/01/28,1167
5618,2021/01/29,2537
5619,2021/02/01,5346
5620,2021/02/02,7148
5621,2021/02/03,8752
5622,2021/02/04,0169
5623,2021/02/05,3110
5624,2021/02/08,6587
5625,2021/02/09,4728
5626,2021/02/10,4377
5627,2021/02/11,3840
5628,2021/02/12,6012
5629,2021/02/15,7944
5630,2021/02/16,6901
5631,2021/02/17,2968
5632,2021/02/18,9635
5633,2021/02/19,8886
5634,2021/02/22,4246
5635,2021/02/23,1968
5636,2021/02/24,9491
5637,2021/02/25,9613
5638,2021/02/26,9691
5639,2021/03/01,5378
5640,2021/03/02,8117
5641,2021/03/03,2658
5642,2021/03/04,3364
5643,2021/03/05,4525
5644,2021/03/08,6290
5645,2021/03/09,3930
5646,2021/03/10,2925
5647,2021/03/11,6030
5648,2021/03/12,2979
5649,2021/03/15,3557
5650,2021/03/16,3853
5651,2021/03/17,5553
5652,2021/03/18,7369
5653,2021/03/19,4167
5654,2021/03/22,3237
5655,2021/03/23,2510
5656,2021/03/24,3193
5657,2021/03/25,3658
5658,2021/03/26,8114
5659,2021/03/29,5681
5660,2021/03/30,0269
5661,2021/03/31,9997
5662,2021/04/01,6215
5663,2021/04/02,0362
5664,2021/04/05,0871
5665,2021/04/06,2145
5666,2021/04/07,9142
5667,2021/04/08,8505
5668,2021/04/09,3745
5669,2021/04/12,2524
5670,2021/04/13,7330
5671,2021/04/14,6017
5672,2021/04/15,2778
5673,2021/04/16,0788
5674,2021/04/19,5711
5675,2021/04/20,5063
5676,2021/04/21,1798
5677,2021/04/22,7294
5678,2021/04/23,9706
5679,2021/04/26,3793
5680,2021/04/27,3193
5681,2021/04/28,2801
5682,2021/04/29,2307
5683,2021/04/30,9672
5684,2021/05/03,4423
5685,2021/05/04,0388
5686,2021/05/05,6137
5687,2021/05/06,3598
5688,2021/05/07,0982
5689,2021/05/10,2788
5690,2021/05/11,4213
5691,2021/05/12,1685
5692,2021/05/13,0448
5693,2021/05/14,5039
5694,2021/05/17,1790
5695,2021/05/18,1482
5696,2021/05/19,6075
5697,2021/05/20,5815
5698,2021/05/21,0099
5699,2021/05/24,2734
5700,2021/05/25,5941
5701,2021/05/26,1082
5702,2021/05/27,0824
5703,2021/05/28,7368
5704,2021/05/31,5783
5705,2021/06/01,9087
5706,2021/06/02,1995
5707,2021/06/03,6469
5708,2021/06/04,5198
5709,2021/06/07,2759
5710,2021/06/08,1505
5711,2021/06/09,0625
5712,2021/06/10,9232
5713,2021/06/11,4903
5714,2021/06/14,6894
5715,2021/06/15,4730
5716,2021/06/16,3555
5717,2021/06/17,6637
5718,2021/06/18,7158
5719,2021/06/21,9136
5720,2021/06/22,0130
5721,2021/06/23,0892
5722,2021/06/24,2920
5723,2021/06/25,2479
5724,2021/06/28,5047
5725,2021/06/29,3268
5726,2021/06/30,1275
5727,2021/07/01,8941
5728,2021/07/02,1382
5729,2021/07/05,8819
5730,2021/07/06,3130
5731,2021/07/07,8023
5732,2021/07/08,1903
5733,2021/07/09,1585
5734,2021/07/12,6915
5735,2021/07/13,5211
5736,2021/07/14,6992
5737,2021/07/15,0678
5738,2021/07/16,5104
5739,2021/07/19,6109
5740,2021/07/20,5038
5741,2021/07/21,6438
5742,2021/07/22,9921
5743,2021/07/23,1012
5744,2021/07/26,4594
5745,2021/07/27,7600
5746,2021/07/28,8763
5747,2021/07/29,1678
5748,2021/07/30,7506
5749,2021/08/02,9627
5750,2021/08/03,8365
5751,2021/08/04,1783
5752,2021/08/05,0798
5753,2021/08/06,9860
5754,2021/08/09,2085
5755,2021/08/10,2610
5756,2021/08/11,0985
5757,2021/08/12,8547
5758,2021/08/13,0949
5759,2021/08/16,7342
5760,2021/08/17,9191
5761,2021/08/18,4861
5762,2021/08/19,1275
5763,2021/08/20,6659
5764,2021/08/23,8494
5765,2021/08/24,2058
5766,2021/08/25,3500
5767,2021/08/26,3631
5768,2021/08/27,2615
5769,2021/08/30,0715
5770,2021/08/31,9879
5771,2021/09/01,4723
5772,2021/09/02,3476
5773,2021/09/03,4858
5774,2021/09/06,6163
5775,2021/09/07,0546
5776,2021/09/08,1022
5777,2021/09/09,3550
5778,2021/09/10,5853
5779,2021/09/13,9272
5780,2021/09/14,8885
5781,2021/09/15,2409
5782,2021/09/16,1108
5783,2021/09/17,3043
5784,2021/09/20,8694
5785,2021/09/21,6520
5786,2021/09/22,4433
5787,2021/09/23,0323
5788,2021/09/24,2873
5789,2021/09/27,6931
5790,2021/09/28,6157
5791,2021/09/29,4208
5792,2021/09/30,2691
5793,2021/10/01,9445
5794,2021/10/04,3144
5795,2021/10/05,3544
5796,2021/10/06,8464
5797,2021/10/07,7242
5798,2021/10/08,5041
5799,2021/10/11,1848
5800,2021/10/12,0563
5801,2021/10/13,9395
5802,2021/10/14,0436
5803,2021/10/15,2892
5804,2021/10/18,4201
5805,2021/10/19,6058
5806,2021/10/20,1109
5807,2021/10/21,4825
5808,2021/10/22,1869
5809,2021/10/25,2370
5810,2021/10/26,6918
5811,2021/10/27,5476
5812,2021/10/28,9442
5813,2021/10/29,2850
5814,2021/11/01,7063
5815,2021/11/02,5133
5816,2021/11/03,7902
5817,2021/11/04,9021
5818,2021/11/05,3713
5819,2021/11/08,1089
5820,2021/11/09,2121
5821,2021/11/10,9319
5822,2021/11/11,4569
5823,2021/11/12,1149
5824,2021/11/15,8425
5825,2021/11/16,3833
5826,2021/11/17,8231
5827,2021/11/18,8481
5828,2021/11/19,4880
5829,2021/11/22,1205
5830,2021/11/23,8842
5831,2021/11/24,5427
5832,2021/11/25,4223
5833,2021/11/26,3044
5834,2021/11/29,8624
5835,2021/11/30,4594
5836,2021/12/01,4643
5837,2021/12/02,7269
5838,2021/12/03,1888
5839,2021/12/06,6770
5840,2021/12/07,8951
5841,2021/12/08,8438
5842,2021/12/09,5741
5843,2021/12/10,9636
5844,2021/12/13,2381
5845,2021/12/14,1250
5846,2021/12/15,7246
5847,2021/12/16,6572
5848,2021/12/17,9613
5849,2021/12/20,1743
5850,2021/12/21,3582
5851,2021/12/22,7399
5852,2021/12/23,8544
5853,2021/12/24,0807
5854,2021/12/27,9715
5855,2021/12/28,4205
5856,2021/12/29,4559
5857,2021/12/30,4709
5858,2022/01/04,0709
5859,2022/01/05,8176
5860,2022/01/06,8638
5861,2022/01/07,7731
5862,2022/01/10,6768
5863,2022/01/11,5711
5864,2022/01/12,1627
5865,2022/01/13,4892
5866,2022/01/14,0903
5867,2022/01/17,2881
5868,2022/01/18,4199
5869,2022/01/19,5635
5870,2022/01/20,9024
5871,2022/01/21,0855
5872,2022/01/24,0383
5873,2022/01/25,4363
5874,2022/01/26,5046
5875,2022/01/27,3429
5876,2022/01/28,2162
5877,2022/01/31,3052
5878,2022/02/01,5602
5879,2022/02/02,3383
5880,2022/02/03,0007
5881,2022/02/04,5872
5882,2022/02/07,9432
5883,2022/02/08,8377
5884,2022/02/09,8255
5885,2022/02/10,8577
5886,2022/02/11,1292
5887,2022/02/14,3418
5888,2022/02/15,9510
5889,2022/02/16,2334
5890,2022/02/17,5685
5891,2022/02/18,5922
5892,2022/02/21,0010
5893,2022/02/22,8108
5894,2022/02/23,5632
5895,2022/02/24,3289
5896,2022/02/25,1554
5897,2022/02/28,4803
5898,2022/03/01,5279
5899,2022/03/02,3365
5900,2022/03/03,1990
5901,2022/03/04,3591
5902,2022/03/07,8432
5903,2022/03/08,8726
5904,2022/03/09,5692
5905,2022/03/10,6992
5906,2022/03/11,6774
5907,2022/03/14,1763
5908,2022/03/15,3913
5909,2022/03/16,7733
5910,2022/03/17,1346
5911,2022/03/18,4844
5912,2022/03/21,4218
5913,2022/03/22,8984
5914,2022/03/23,8432
5915,2022/03/24,1378
5916,2022/03/25,1188
5917,2022/03/28,7738
5918,2022/03/29,4909
5919,2022/03/30,0036
5920,2022/03/31,0389
5921,2022/04/01,7136
5922,2022/04/04,7000
5923,2022/04/05,8986
5924,2022/04/06,9094
5925,2022/04/07,1858
5926,2022/04/08,0896
5927,2022/04/11,7495
5928,2022/04/12,0479
5929,2022/04/13,3221
5930,2022/04/14,7844
5931,2022/04/15,1026
5932,2022/04/18,2025
5933,2022/04/19,6481
5934,2022/04/20,8635
5935,2022/04/21,9970
5936,2022/04/22,7005
5937,2022/04/25,0966
5938,2022/04/26,6230
5939,2022/04/27,6399
5940,2022/04/28,1629
5941,2022/04/29,9545
5942,2022/05/02,0139
5943,2022/05/03,7113
5944,2022/05/04,5222
5945,2022/05/05,8977
5946,2022/05/06,7127
5947,2022/05/09,4086
5948,2022/05/10,9533
5949,2022/05/11,2804
5950,2022/05/12,3661
5951,2022/05/13,6348
5952,2022/05/16,2304
5953,2022/05/17,1960
5954,2022/05/18,9015
5955,2022/05/19,3272
5956,2022/05/20,2334
5957,2022/05/23,6801
5958,2022/05/24,7574
5959,2022/05/25,6575
5960,2022/05/26,5128
5961,2022/05/27,5393
5962,2022/05/30,1590
5963,2022/05/31,4058
5964,2022/06/01,6357
5965,2022/06/02,1312
5966,2022/06/03,9919
5967,2022/06/06,3197
5968,2022/06/07,1198
5969,2022/06/08,4185
5970,2022/06/09,7363
5971,2022/06/10,5808
5972,2022/06/13,9366
5973,2022/06/14,6840
5974,2022/06/15,7968
5975,2022/06/16,5302
5976,2022/06/17,6092
5977,2022/06/20,1099
5978,2022/06/21,3256
5979,2022/06/22,7523
5980,2022/06/23,2057
5981,2022/06/24,0433
5982,2022/06/27,7335
5983,2022/06/28,9210
5984,2022/06/29,2350
5985,2022/06/30,4841
5986,2022/07/01,9771
5987,2022/07/04,1921
5988,2022/07/05,0440
5989,2022/07/06,7677
5990,2022/07/07,8336
5991,2022/07/08,8209
5992,2022/07/11,6903
5993,2022/07/12,3726
5994,2022/07/13,0679
5995,2022/07/14,0791
5996,2022/07/15,1656
5997,2022/07/18,8136
5998,2022/07/19,7140
5999,2022/07/20,3078
6000,2022/07/21,6990
6001,2022/07/22,4306
6002,2022/07/25,1540
6003,2022/07/26,9062
6004,2022/07/27,8645
6005,2022/07/28,4398
6006,2022/07/29,5125
6007,2022/08/01,6787
6008,2022/08/02,6791
6009,2022/08/03,7453
6010,2022/08/04,2057
6011,2022/08/05,6771
6012,2022/08/08,8394
6013,2022/08/09,1932
6014,2022/08/10,2490
6015,2022/08/11,9779
6016,2022/08/12,9750
6017,2022/08/15,6554
6018,2022/08/16,6802
6019,2022/08/17,7148
6020,2022/08/18,1278
6021,2022/08/19,4238
6022,2022/08/22,0591
6023,2022/08/23,6743
6024,2022/08/24,2673
6025,2022/08/25,5460
6026,2022/08/26,8841
6027,2022/08/29,4284
6028,2022/08/30,4674
6029,2022/08/31,6933
6030,2022/09/01,4074
6031,2022/09/02,8530
6032,2022/09/05,7105
6033,2022/09/06,4798
6034,2022/09/07,0306
6035,2022/09/08,3703
6036,2022/09/09,8149
6037,2022/09/12,6679
6038,2022/09/13,8222
6039,2022/09/14,1777
6040,2022/09/15,2808
6041,2022/09/16,5200
6042,2022/09/19,7306
6043,2022/09/20,8103
6044,2022/09/21,6872
6045,2022/09/22,8399
6046,2022/09/23,0758
6047,2022/09/26,2299
6048,2022/09/27,6959
6049,2022/09/28,6473
6050,2022/09/29,9861
6051,2022/09/30,2017
6052,2022/10/03,2608
6053,2022/10/04,0980
6054,2022/10/05,9843
6055,2022/10/06,8540
6056,2022/10/07,1020
6057,2022/10/10,0918
6058,2022/10/11,1313
6059,2022/10/12,7601
6060,2022/10/13,0434
6061,2022/10/14,2754
6062,2022/10/17,3745
6063,2022/10/18,5845
6064,2022/10/19,5513
6065,2022/10/20,2675
6066,2022/10/21,3540
6067,2022/10/24,6058
6068,2022/10/25,8712
6069,2022/10/26,1082
6070,2022/10/27,6152
6071,2022/10/28,9937
6072,2022/10/31,6102
6073,2022/11/01,3563
6074,2022/11/02,2016
6075,2022/11/03,2566
6076,2022/11/04,0776
6077,2022/11/07,4992
6078,2022/11/08,9055
6079,2022/11/09,3018
6080,2022/11/10,3790
6081,2022/11/11,7535
6082,2022/11/14,4940
6083,2022/11/15,2782
6084,2022/11/16,9285
6085,2022/11/17,0556
6086,2022/11/18,4549
6087,2022/11/21,4431
6088,2022/11/22,4967
6089,2022/11/23,3862
6090,2022/11/24,6349
6091,2022/11/25,2818
6092,2022/11/28,8297
6093,2022/11/29,3207
6094,2022/11/30,0017
6095,2022/12/01,0473
6096,2022/12/02,5756
6097,2022/12/05,8455
6098,2022/12/06,5542
6099,2022/12/07,5763
6100,2022/12/08,7353
6101,2022/12/09,5486
6102,2022/12/12,5641
6103,2022/12/13,1500
6104,2022/12/14,5369
6105,2022/12/15,3692
6106,2022/12/16,9428
6107,2022/12/19,9184
6108,2022/12/20,9853
6109,2022/12/21,3522
6110,2022/12/22,7879
6111,2022/12/23,6694
6112,2022/12/26,3898
6113,2022/12/27,2131
6114,2022/12/28,5953
6115,2022/12/29,0335
6116,2022/12/30,2572
6117,2023/01/04,5409
6118,2023/01/05,3592
6119,2023/01/06,2652
6120,2023/01/09,0395
6121,2023/01/10,4608
6122,2023/01/11,1751
6123,2023/01/12,9702
6124,2023/01/13,6233
6125,2023/01/16,5925
6126,2023/01/17,0525
6127,2023/01/18,4462
6128,2023/01/19,3013
6129,2023/01/20,2203
6130,2023/01/23,1349
6131,2023/01/24,8428
6132,2023/01/25,5224
6133,2023/01/26,7248
6134,2023/01/27,5238
6135,2023/01/30,9034
6136,2023/01/31,0457
6137,2023/02/01,1781
6138,2023/02/02,1766
6139,2023/02/03,0534
6140,2023/02/06,4509
6141,2023/02/07,2697
6142,2023/02/08,0990
6143,2023/02/09,4810
6144,2023/02/10,9414
6145,2023/02/13,2577
6146,2023/02/14,1137
6147,2023/02/15,3489
6148,2023/02/16,9168
6149,2023/02/17,8414
6150,2023/02/20,9127
6151,2023/02/21,0018
6152,2023/02/22,7517
6153,2023/02/23,1156
6154,2023/02/24,3307
6155,2023/02/27,3107
6156,2023/02/28,7188
6157,2023/03/01,4985
6158,2023/03/02,8568
6159,2023/03/03,2006
6160,2023/03/06,9748
6161,2023/03/07,8386
6162,2023/03/08,3482
6163,2023/03/09,2140
6164,2023/03/10,8682
6165,2023/03/13,3588
6166,2023/03/14,7497
6167,2023/03/15,7052
6168,2023/03/16,6366
6169,2023/03/17,2046
6170,2023/03/20,8344
6171,2023/03/21,4163
6172,2023/03/22,0932
6173,2023/03/23,4439
6174,2023/03/24,4243
6175,2023/03/27,1614
6176,2023/03/28,9526
6177,2023/03/29,2389
6178,2023/03/30,3025
6179,2023/03/31,9631
6180,2023/04/03,7815
6181,2023/04/04,8705
6182,2023/04/05,7211
6183,2023/04/06,0317
6184,2023/04/07,1962
6185,2023/04/10,4855
6186,2023/04/11,2617
6187,2023/04/12,6651
6188,2023/04/13,3959
6189,2023/04/14,9788
6190,2023/04/17,8297
6191,2023/04/18,3466
6192,2023/04/19,6655
6193,2023/04/20,0120
6194,2023/04/21,2371
6195,2023/04/24,1679
6196,2023/04/25,6602
6197,2023/04/26,2613
6198,2023/04/27,2784
6199,2023/04/28,6083
6200,2023/05/01,2806
6201,2023/05/02,3159
6202,2023/05/03,5658
6203,2023/05/04,3084
6204,2023/05/05,2558
6205,2023/05/08,2954
6206,2023/05/09,8977
6207,2023/05/10,3712
6208,2023/05/11,0048
6209,2023/05/12,2494
6210,2023/05/15,7211
6211,2023/05/16,5158
6212,2023/05/17,6987
6213,2023/05/18,9262
6214,2023/05/19,8990
6215,2023/05/22,7143
6216,2023/05/23,9826
6217,2023/05/24,4645
6218,2023/05/25,9918
6219,2023/05/26,1742
6220,2023/05/29,0247
6221,2023/05/30,7906
6222,2023/05/31,1246
6223,2023/06/01,7494
6224,2023/06/02,1880
6225,2023/06/05,8034
6226,2023/06/06,1308
6227,2023/06/07,6843
6228,2023/06/08,0503
6229,2023/06/09,2776
6230,2023/06/12,1360
6231,2023/06/13,7421
6232,2023/06/14,9894
6233,2023/06/15,6776
6234,2023/06/16,2362
6235,2023/06/19,0299
6236,2023/06/20,8127
6237,2023/06/21,1170
6238,2023/06/22,4952
6239,2023/06/23,7452
6240,2023/06/26,4586
6241,2023/06/27,5103
6242,2023/06/28,1899
6243,2023/06/29,9098
6244,2023/06/30,2774
6245,2023/07/03,8164
6246,2023/07/04,3899
6247,2023/07/05,8446
6248,2023/07/06,8092
6249,2023/07/07,2903
6250,2023/07/10,2799
6251,2023/07/11,8766
6252,2023/07/12,0179
6253,2023/07/13,4647
6254,2023/07/14,2175
6255,2023/07/17,9760
6256,2023/07/18,5241
6257,2023/07/19,3416
6258,2023/07/20,2247
6259,2023/07/21,9334
6260,2023/07/24,1121
6261,2023/07/25,9793
6262,2023/07/26,5867
6263,2023/07/27,2882
6264,2023/07/28,8071
6265,2023/07/31,8549
6266,2023/08/01,7169
6267,2023/08/02,3090
6268,2023/08/03,3805
6269,2023/08/04,0369
6270,2023/08/07,5294
6271,2023/08/08,9566
6272,2023/08/09,5069
6273,2023/08/10,3793
6274,2023/08/11,1226
6275,2023/08/14,5897
6276,2023/08/15,5677
6277,2023/08/16,5054
6278,2023/08/17,1697
6279,2023/08/18,7425
6280,2023/08/21,5517
6281,2023/08/22,4537
6282,2023/08/23,3295
6283,2023/08/24,7780
6284,2023/08/25,8597
6285,2023/08/28,0855
6286,2023/08/29,1308
6287,2023/08/30,8393
6288,2023/08/31,4044
6289,2023/09/01,5286
6290,2023/09/04,1434
6291,2023/09/05,1115
6292,2023/09/06,2988
6293,2023/09/07,9398
6294,2023/09/08,6470
6295,2023/09/11,1134
6296,2023/09/12,1108
6297,2023/09/13,6372
6298,2023/09/14,0402
6299,2023/09/15,7219
6300,2023/09/18,8587
6301,2023/09/19,3914
6302,2023/09/20,0003
6303,2023/09/21,3400
6304,2023/09/22,7384
6305,2023/09/25,5563
6306,2023/09/26,2668
6307,2023/09/27,5367
6308,2023/09/28,5662
6309,2023/09/29,8286
6310,2023/10/02,6183
6311,2023/10/03,5384
6312,2023/10/04,2959
6313,2023/10/05,8461
6314,2023/10/06,8305
6315,2023/10/09,6283
6316,2023/10/10,5048
6317,2023/10/11,6301
6318,2023/10/12,2277
6319,2023/10/13,5997
6320,2023/10/16,9304
6321,2023/10/17,7379
6322,2023/10/18,1598
6323,2023/10/19,2762
6324,2023/10/20,3302
6325,2023/10/23,8282
6326,2023/10/24,3461
6327,2023/10/25,7059
6328,2023/10/26,1954
6329,2023/10/27,1763
6330,2023/10/30,1487
6331,2023/10/31,0945
6332,2023/11/01,0469
6333,2023/11/02,3388
6334,2023/11/03,5764
6335,2023/11/06,3933
6336,2023/11/07,3861
6337,2023/11/08,1559
6338,2023/11/09,0231
6339,2023/11/10,7197
6340,2023/11/13,6154
6341,2023/11/14,7277
6342,2023/11/15,6562
6343,2023/11/16,3989
6344,2023/11/17,2111
6345,2023/11/20,8867
6346,2023/11/21,2930
6347,2023/11/22,6977
6348,2023/11/23,1239
6349,2023/11/24,9198
6350,2023/11/27,0271
6351,2023/11/28,4077
6352,2023/11/29,2317
6353,2023/11/30,1184
6354,2023/12/01,5892
6355,2023/12/04,7648
6356,2023/12/05,1304
6357,2023/12/06,5235
6358,2023/12/07,6529
6359,2023/12/08,5751
6360,2023/12/11,3872
6361,2023/12/12,0959
6362,2023/12/13,2487
6363,2023/12/14,1228
6364,2023/12/15,8284
6365,2023/12/18,9116
6366,2023/12/19,8696
6367,2023/12/20,6147
6368,2023/12/21,2870
6369,2023/12/22,2986
6370,2023/12/25,9134
6371,2023/12/26,2473
6372,2023/12/27,0942
6373,2023/12/28,8104
6374,2023/12/29,0377
6375,2024/01/04,7405
6376,2024/01/05,5170
6377,2024/01/08,4587
6378,2024/01/09,1610
6379,2024/01/10,7124
6380,2024/01/11,9214
6381,2024/01/12,0944
6382,2024/01/15,0080
6383,2024/01/16,8895
6384,2024/01/17,2293
6385,2024/01/18,2864
6386,2024/01/19,8095
6387,2024/01/22,2651
6388,2024/01/23,8913
6389,2024/01/24,2199
6390,2024/01/25,3648
6391,2024/01/26,4108
6392,2024/01/29,9353
6393,2024/01/30,2137
6394,2024/01/31,6806
6395,2024/02/01,9358
6396,2024/02/02,4692
6397,2024/02/05,6724
6398,2024/02/06,3003
6399,2024/02/07,9372
6400,2024/02/08,0006
6401,2024/02/09,5389
6402,2024/02/12,0045
6403,2024/02/13,0710
6404,2024/02/14,7229
6405,2024/02/15,7029
6406,2024/02/16,4208
6407,2024/02/19,7390
6408,2024/02/20,0042
6409,2024/02/21,2361
6410,2024/02/22,7519
6411,2024/02/23,5651
6412,2024/02/26,6864
6413,2024/02/27,5868
6414,2024/02/28,0825
6415,2024/02/29,9550
6416,2024/03/01,3560
6417,2024/03/04,4511
6418,2024/03/05,9892
6419,2024/03/06,9482
6420,2024/03/07,6822
6421,2024/03/08,8763
6422,2024/03/11,7468
6423,2024/03/12,9146
6424,2024/03/13,0017
6425,2024/03/14,6599
6426,2024/03/15,3988
6427,2024/03/18,5004
6428,2024/03/19,5961
6429,2024/03/20,6496
6430,2024/03/21,3237
6431,2024/03/22,5485
6432,2024/03/25,0224
6433,2024/03/26,2814
6434,2024/03/27,4360
6435,2024/03/28,3918
6436,2024/03/29,8399
6437,2024/04/01,3489
6438,2024/04/02,4591
6439,2024/04/03,8640
6440,2024/04/04,6280
6441,2024/04/05,3364
6442,2024/04/08,2743
6443,2024/04/09,1002
6444,2024/04/10,4170
6445,2024/04/11,2518
6446,2024/04/12,8158
6447,2024/04/15,0597
6448,2024/04/16,5845
6449,2024/04/17,3563
6450,2024/04/18,3690
6451,2024/04/19,0207
6452,2024/04/22,1459
6453,2024/04/23,9319
6454,2024/04/24,7874
6455,2024/04/25,6118
6456,2024/04/26,7210
6457,2024/04/29,0040
6458,2024/04/30,3275
6459,2024/05/01,6135
6460,2024/05/02,7987
6461,2024/05/03,1323
6462,2024/05/06,9100
6463,2024/05/07,3360
6464,2024/05/08,1361
6465,2024/05/09,8593
6466,2024/05/10,6965
6467,2024/05/13,2064
6468,2024/05/14,7167
6469,2024/05/15,7965
6470,2024/05/16,6877
6471,2024/05/17,1380
6472,2024/05/20,8588
6473,2024/05/21,4677
6474,2024/05/22,8006
6475,2024/05/23,4656
6476,2024/05/24,5201
6477,2024/05/27,5737
6478,2024/05/28,3618
6479,2024/05/29,3644
6480,2024/05/30,5782
6481,2024/05/31,1469
6482,2024/06/03,9947
6483,2024/06/04,5930
6484,2024/06/05,9656
6485,2024/06/06,2384
6486,2024/06/07,9143
6487,2024/06/10,0348
6488,2024/06/11,9400
6489,2024/06/12,4011
6490,2024/06/13,1691
6491,2024/06/14,5505
6492,2024/06/17,5640
6493,2024/06/18,2045
6494,2024/06/19,2646
6495,2024/06/20,2322
6496,2024/06/21,6593
6497,2024/06/24,2049
6498,2024/06/25,8337
6499,2024/06/26,7556
6500,2024/06/27,2552
6501,2024/06/28,7285
6502,2024/07/01,6836
6503,2024/07/02,5240
6504,2024/07/03,4896
6505,2024/07/04,4365
6506,2024/07/05,6715
6507,2024/07/08,2208
6508,2024/07/09,9108
6509,2024/07/10,7132
6510,2024/07/11,5209
6511,2024/07/12,9345
6512,2024/07/15,8023
6513,2024/07/16,7487
6514,2024/07/17,2710
6515,2024/07/18,6232
6516,2024/07/19,4044
6517,2024/07/22,9282
6518,2024/07/23,2827
6519,2024/07/24,6533
6520,2024/07/25,2254
6521,2024/07/26,4387
6522,2024/07/29,0780
6523,2024/07/30,3787
6524,2024/07/31,1417
6525,2024/08/01,9118
6526,2024/08/02,0793
6527,2024/08/05,1951
6528,2024/08/06,7007
6529,2024/08/07,5624
6530,2024/08/08,8115
6531,2024/08/09,8424
6532,2024/08/12,9533
6533,2024/08/13,4167
6534,2024/08/14,1770
6535,2024/08/15,3966
6536,2024/08/16,1799
6537,2024/08/19,2057
6538,2024/08/20,0358
6539,2024/08/21,8412
6540,2024/08/22,4618
6541,2024/08/23,1604
6542,2024/08/26,7237
6543,2024/08/27,2390
6544,2024/08/28,6008
6545,2024/08/29,1491
6546,2024/08/30,9909
6547,2024/09/02,0205
6548,2024/09/03,9141
6549,2024/09/04,7828
6550,2024/09/05,1910
6551,2024/09/06,7889
6552,2024/09/09,5705
6553,2024/09/10,5740
6554,2024/09/11,4835
6555,2024/09/12,1130
6556,2024/09/13,7056
6557,2024/09/16,3232
6558,2024/09/17,4601
6559,2024/09/18,3848
6560,2024/09/19,2796
6561,2024/09/20,6411
6562,2024/09/23,2095
6563,2024/09/24,5794
6564,2024/09/25,3119
6565,2024/09/26,4488
6566,2024/09/27,5225
6567,2024/09/30,5211
6568,2024/10/01,0605
6569,2024/10/02,9563
6570,2024/10/03,9299
6571,2024/10/04,0784
6572,2024/10/07,5812
6573,2024/10/08,8903
6574,2024/10/09,1319
6575,2024/10/10,0946
6576,2024/10/11,5126
6577,2024/10/14,3661
6578,2024/10/15,5667
6579,2024/10/16,8407
6580,2024/10/17,2004
6581,2024/10/18,8921
6582,2024/10/21,9546
6583,2024/10/22,7178
6584,2024/10/23,5665
6585,2024/10/24,4428
6586,2024/10/25,7675
6587,2024/10/28,2405
6588,2024/10/29,1995
6589,2024/10/30,1133
6590,2024/10/31,4059
6591,2024/11/01,5709
6592,2024/11/04,4412
6593,2024/11/05,2667
6594,2024/11/06,7143
6595,2024/11/07,0313
6596,2024/11/08,8888
6597,2024/11/11,3369
6598,2024/11/12,0206
6599,2024/11/13,3005
6600,2024/11/14,3952
6601,2024/11/15,3631
6602,2024/11/18,5730
6603,2024/11/19,1088
6604,2024/11/20,7649
6605,2024/11/21,3340
6606,2024/11/22,2532
6607,2024/11/25,7220
6608,2024/11/26,5653
6609,2024/11/27,8963
6610,2024/11/28,4640
6611,2024/11/29,3212
6612,2024/12/02,3920
6613,2024/12/03,1978
6614,2024/12/04,0000
6615,2024/12/05,8253
6616,2024/12/06,8939
6617,2024/12/09,2617
6618,2024/12/10,4259
6619,2024/12/11,6217
6620,2024/12/12,9105
6621,2024/12/13,6199
6622,2024/12/16,3424
6623,2024/12/17,0596
6624,2024/12/18,3498
6625,2024/12/19,5214
6626,2024/12/20,0580
6627,2024/12/23,5892
6628,2024/12/24,5231
6629,2024/12/25,0474
6630,2024/12/26,4119
6631,2024/12/27,4386
6632,2024/12/30,9983
6633,2025/01/06,0685
6634,2025/01/07,3754
6635,2025/01/08,1786
6636,2025/01/09,5802
6637,2025/01/10,1599
6638,2025/01/13,8583
6639,2025/01/14,0135
6640,2025/01/15,1366
6641,2025/01/16,2324
6642,2025/01/17,9774
6643,2025/01/20,4409
6644,2025/01/21,8259
6645,2025/01/22,6385
6646,2025/01/23,5420
6647,2025/01/24,2315
6648,2025/01/27,7240
6649,2025/01/28,0893
6650,2025/01/29,9590
6651,2025/01/30,5400
6652,2025/01/31,1596
6653,2025/02/03,0235
6654,2025/02/04,4827
6655,2025/02/05,2317
6656,2025/02/06,0853
6657,2025/02/07,3881
6658,2025/02/10,0859
6659,2025/02/11,8942
6660,2025/02/12,3343
6661,2025/02/13,1946
6662,2025/02/14,3273
6663,2025/02/17,6744
6664,2025/02/18,0385
6665,2025/02/19,9265
6666,2025/02/20,1890
6667,2025/02/21,6398
6668,2025/02/24,3026
6669,2025/02/25,9378
6670,2025/02/26,0664
6671,2025/02/27,3839
6672,2025/02/28,4968
6673,2025/03/03,1170
6674,2025/03/04,6318
6675,2025/03/05,8194
6676,2025/03/06,1781
6677,2025/03/07,0948
6678,2025/03/10,8256
6679,2025/03/11,8261
6680,2025/03/12,9200
6681,2025/03/13,0384
6682,2025/03/14,2853
6683,2025/03/17,7006
6684,2025/03/18,9843
6685,2025/03/19,1087
6686,2025/03/20,8555
6687,2025/03/21,1431
6688,2025/03/24,0488
6689,2025/03/25,2191
6690,2025/03/26,8397
6691,2025/03/27,0745
6692,2025/03/28,6185
6693,2025/03/31,8221
6694,2025/04/01,3671
6695,2025/04/02,1695
6696,2025/04/03,7892
6697,2025/04/04,9721
6698,2025/04/07,2078
6699,2025/04/08,4417
6700,2025/04/09,4013
6701,2025/04/10,7856
6702,2025/04/11,7011
6703,2025/04/14,1820
6704,2025/04/15,2166
6705,2025/04/16,7555
6706,2025/04/17,8842
6707,2025/04/18,4811
6708,2025/04/21,7834
6709,2025/04/22,6697
6710,2025/04/23,7059
6711,2025/04/24,9686
6712,2025/04/25,4071
6713,2025/04/28,1670
6714,2025/04/29,3449
6715,2025/04/30,5323
6716,2025/05/01,8968
6717,2025/05/02,2948
6718,2025/05/05,8391
6719,2025/05/06,0081
6720,2025/05/07,1952
6721,2025/05/08,8156
6722,2025/05/09,1883
6723,2025/05/12,8892
6724,2025/05/13,9565
6725,2025/05/14,1898
6726,2025/05/15,4368
6727,2025/05/16,4116
6728,2025/05/19,9601
6729,2025/05/20,6418
6730,2025/05/21,2762
6731,2025/05/22,9899
6732,2025/05/23,2718
6733,2025/05/26,9115
6734,2025/05/27,3697
6735,2025/05/28,7357
6736,2025/05/29,6779
6737,2025/05/30,7141
6738,2025/06/02,2839
6739,2025/06/03,2370
6740,2025/06/04,5944
6741,2025/06/05,9318
6742,2025/06/06,6563
6743,2025/06/09,5084
6744,2025/06/10,3142
6745,2025/06/11,3176
6746,2025/06/12,7666
6747,2025/06/13,2482
6748,2025/06/16,6326
6749,2025/06/17,0975
6750,2025/06/18,7592
6751,2025/06/19,5354
6752,2025/06/20,7102
6753,2025/06/23,4804
6754,2025/06/24,1351
6755,2025/06/25,8174
6756,2025/06/26,8622
6757,2025/06/27,2940
6758,2025/06/30,6757
6759,2025/07/01,5261
6760,2025/07/02,3099
6761,2025/07/03,1479
6762,2025/07/04,2452
6763,2025/07/07,9181
6764,2025/07/08,2982
6765,2025/07/09,5358
6766,2025/07/10,4790
6767,2025/07/11,0172
6768,2025/07/14,5295
6769,2025/07/15,5552
6770,2025/07/16,2037
6771,2025/07/17,2337
6772,2025/07/18,2460
6773,2025/07/21,7780
6774,2025/07/22,8714
6775,2025/07/23,5493
6776,2025/07/24,7924
6777,2025/07/25,5454
6778,2025/07/28,6710
6779,2025/07/29,1592
6780,2025/07/30,3175
6781,2025/07/31,0536
6782,2025/08/01,3497
6783,2025/08/04,3080
6784,2025/08/05,1027
6785,2025/08/06,4876
6786,2025/08/07,5835
6787,2025/08/08,1365
6788,2025/08/11,6014
6789,2025/08/12,2458
6790,2025/08/13,5541
6791,2025/08/14,6362
6792,2025/08/15,5140
6793,2025/08/18,9959
6794,2025/08/19,9288
6795,2025/08/20,8749
6796,2025/08/21,5806
6797,2025/08/22,9660
6798,2025/08/25,9463
6799,2025/08/26,1624
6800,2025/08/27,6694
6801,2025/08/28,0774
6802,2025/08/29,1929
6803,2025/09/01,0549
6804,2025/09/02,0538
6805,2025/09/03,4598
6806,2025/09/04,3376
6807,2025/09/05,1871
6808,2025/09/08,2841
6809,2025/09/09,5260
6810,2025/09/10,2679
6811,2025/09/11,7961
6812,2025/09/12,8991
6813,2025/09/15,6867
6814,2025/09/16,1314
6815,2025/09/17,7604
6816,2025/09/18,6152
6817,2025/09/19,8721
6818,2025/09/22,5808
6819,2025/09/23,4787
6820,2025/09/24,2477
6821,2025/09/25,7728
6822,2025/09/26,1540
6823,2025/09/29,0012
6824,2025/09/30,7765
6825,2025/10/01,5280
6826,2025/10/02,1916
6827,2025/10/03,2964
6828,2025/10/06,0933
6829,2025/10/07,7717
6830,2025/10/08,0220
6831,2025/10/09,6352
6832,2025/10/10,3148
6833,2025/10/13,6896
6834,2025/10/14,4706
6835,2025/10/15,1350
6836,2025/10/16,4325
6837,2025/10/17,5441
6848,2025/11/03,9275
6849,2025/11/04,9227
6850,2025/11/05,5282
6851,2025/11/06,2981
6852,2025/11/07,3049
6853,2025/11/10,6727
6854,2025/11/11,3403
6855,2025/11/12,2123
6856,2025/11/13,9991
6857,2025/11/14,3116
6858,2025/11/17,1184
6859,2025/11/18,6444
6860,2025/11/19,5186
6861,2025/11/20,4693
6862,2025/11/21,9741
6863,2025/11/24,1258
6864,2025/11/25,5445
6865,2025/11/26,3324
6866,2025/11/27,2803
6867,2025/11/28,3076
6868,2025/12/01,5396
6869,2025/12/02,6936
6870,2025/12/03,7263
6871,2025/12/04,5571
6872,2025/12/05,4784
6873,2025/12/08,3493
6874,2025/12/09,3123
6875,2025/12/10,5272
6876,2025/12/11,2208
6877,2025/12/12,2528
6878,2025/12/15,7221
6879,2025/12/16,2310
6880,2025/12/17,0497
6881,2025/12/18,5879
6882,2025/12/19,4944
6883,2025/12/22,9785
6884,2025/12/23,3278
6885,2025/12/24,3984
6886,2025/12/25,6333
6887,2025/12/26,4141
6888,2025/12/29,2121
6889,2025/12/30,7202
6890,2026/01/05,7526
6891,2026/01/06,2300
6892,2026/01/07,7263
6893,2026/01/08,1632
6894,2026/01/09,6551
6895,2026/01/12,2827
6896,2026/01/13,2699
6897,2026/01/14,2404
6898,2026/01/15,8060
6899,2026/01/16,6436
6900,2026/01/19,8174
6901,2026/01/20,9534
6902,2026/01/21,0615
6903,2026/01/22,6022
6904,2026/01/23,0515
6905,2026/01/26,0176
6906,2026/01/27,7964
6907,2026/01/28,4588
6908,2026/01/29,6120
