第6633回,2025/01/06,188
第6634回,2025/01/07,238
第6635回,2025/01/08,462
第6636回,2025/01/09,207
第6637回,2025/01/10,669
第6640回,2025/01/13,265
第6641回,2025/01/14,606
第6642回,2025/01/15,216
第6643回,2025/01/16,100
第6644回,2025/01/17,944
第6647回,2025/01/20,672
第6648回,2025/01/21,496
第6649回,2025/01/22,842
第6650回,2025/01/23,239
第6651回,2025/01/24,557
第6654回,2025/01/27,169
第6655回,2025/01/28,763
第6656回,2025/01/29,314
第6657回,2025/01/30,577
第6658回,2025/01/31,020
第6661回,2025/02/03,168
第6662回,2025/02/04,799
第6663回,2025/02/05,973
第6664回,2025/02/06,033
第6665回,2025/02/07,100
第6668回,2025/02/10,249
第6669回,2025/02/11,086
第6670回,2025/02/12,427
第6671回,2025/02/13,354
第6672回,2025/02/14,720
第6675回,2025/02/17,796
第6676回,2025/02/18,804
第6677回,2025/02/19,157
第6678回,2025/02/20,770
第6679回,2025/02/21,531
第6682回,2025/02/24,423
第6683回,2025/02/25,185
第6684回,2025/02/26,996
第6685回,2025/02/27,372
第6686回,2025/02/28,394
第6689回,2025/03/03,422
第6690回,2025/03/04,638
第6691回,2025/03/05,052
第6692回,2025/03/06,417
第6693回,2025/03/07,128
第6696回,2025/03/10,959
第6697回,2025/03/11,036
第6698回,2025/03/12,312
第6699回,2025/03/13,946
第6700回,2025/03/14,766
第6703回,2025/03/17,187
第6704回,2025/03/18,150
第6705回,2025/03/19,099
第6706回,2025/03/20,320
第6707回,2025/03/21,146
第6710回,2025/03/24,948
第6711回,2025/03/25,990
第6712回,2025/03/26,029
第6713回,2025/03/27,725
第6714回,2025/03/28,730
第6717回,2025/03/31,337
第6718回,2025/04/01,515
第6719回,2025/04/02,964
第6720回,2025/04/03,129
第6721回,2025/04/04,214
第6724回,2025/04/07,623
第6725回,2025/04/08,457
第6726回,2025/04/09,046
第6727回,2025/04/10,467
第6728回,2025/04/11,543
第6731回,2025/04/14,313
第6732回,2025/04/15,574
第6733回,2025/04/16,629
第6734回,2025/04/17,249
第6735回,2025/04/18,440
第6738回,2025/04/21,637
第6739回,2025/04/22,020
第6740回,2025/04/23,896
第6741回,2025/04/24,978
第6742回,2025/04/25,446
第6745回,2025/04/28,718
第6746回,2025/04/29,253
第6747回,2025/04/30,878
第6748回,2025/05/01,752
第6749回,2025/05/02,652
第6752回,2025/05/05,133
第6753回,2025/05/06,157
第6754回,2025/05/07,990
第6755回,2025/05/08,990
第6756回,2025/05/09,190
第6759回,2025/05/12,502
第6760回,2025/05/13,152
第6761回,2025/05/14,122
第6762回,2025/05/15,371
第6763回,2025/05/16,611
第6766回,2025/05/19,870
第6767回,2025/05/20,263
第6768回,2025/05/21,355
第6769回,2025/05/22,680
第6770回,2025/05/23,752
第6773回,2025/05/26,902
第6774回,2025/05/27,238
第6775回,2025/05/28,564
第6776回,2025/05/29,849
第6777回,2025/05/30,549
第6780回,2025/06/02,898
第6781回,2025/06/03,800
第6782回,2025/06/04,819
第6783回,2025/06/05,066
第6784回,2025/06/06,227
第6785回,2025/08/06,300
第6786回,2025/08/07,207
第6787回,2025/06/09,490
第6788回,2025/06/10,284
第6789回,2025/06/11,918
第6790回,2025/06/12,535
第6791回,2025/06/13,069
第6792回,2025/08/15,486
第6793回,2025/08/18,776
第6794回,2025/06/16,040
第6795回,2025/06/17,482
第6796回,2025/06/18,120
第6797回,2025/06/19,695
第6798回,2025/06/20,536
第6799回,2025/08/26,650
第6800回,2025/08/27,038
第6801回,2025/06/23,870
第6802回,2025/06/24,652
第6803回,2025/06/25,306
第6804回,2025/06/26,458
第6805回,2025/06/27,621
第6806回,2025/09/04,131
第6807回,2025/09/05,856
第6808回,2025/06/30,149
第6809回,2025/07/01,307
第6810回,2025/07/02,897
第6811回,2025/07/03,108
第6812回,2025/07/04,407
第6813回,2025/09/15,573
第6814回,2025/09/16,672
第6815回,2025/07/07,190
第6816回,2025/07/08,614
第6817回,2025/07/09,843
第6818回,2025/07/10,364
第6819回,2025/07/11,324
第6820回,2025/09/24,055
第6821回,2025/09/25,439
第6822回,2025/07/14,588
第6823回,2025/07/15,548
第6824回,2025/07/16,693
第6825回,2025/07/17,442
第6826回,2025/07/18,601
第6827回,2025/10/03,279
第6828回,2025/10/06,523
第6829回,2025/07/21,224
第6830回,2025/07/22,168
第6831回,2025/07/23,801
第6832回,2025/07/24,671
第6833回,2025/07/25,294
第6834回,2025/10/14,404
第6835回,2025/10/15,374
第6836回,2025/07/28,648
第6837回,2025/07/29,524
第6838回,2025/07/30,491
第6839回,2025/07/31,244
第6840回,2025/10/22,139
第6841回,2025/10/23,209
第6842回,2025/10/24,472
第6843回,2025/10/27,631
第6844回,2025/10/28,656
第6845回,2025/10/29,652
